id,title,startDate,endDate,volume
41298,Texas House Special Election Winner ,2025-09-02T21:03:21.994799Z,2026-01-31T00:00:00Z,221190.276867
232533,NJ-11 Special Election Winner,2026-02-26T22:43:11.253056Z,2026-04-16T00:00:00Z,44403.10661099999
903772,George Santos wins NY-1 Republican Primary?,2024-03-08T20:40:01.953Z,2024-06-25T00:00:00Z,1649.180743
10719,Next President of Iran?,2024-05-21T02:09:01.731014Z,2024-07-20T12:00:00Z,246854.930795
284782,Hittler vs. Zielinski: Arcis-sur-Aube Mayoral Election Winner,2026-03-19T13:13:49.880395Z,2026-03-22T00:00:00Z,10766.223521
17537,Will Noboa win outright in 1st round of Ecuador Election? ,2025-01-30T22:11:15.377317Z,2025-02-09T12:00:00Z,14058.143089
901321,Will Trump win the 2024 Iowa Caucus?,2023-03-15T19:15:31.281Z,2024-02-05T00:00:00Z,94332.03
23947,Chile Presidential Election,2025-05-05T23:52:31.690617Z,2025-11-16T12:00:00Z,86065815.388403
14227,German Bundestag dissolved in 2024?,2024-11-08T00:23:00.155081Z,2024-12-31T12:00:00Z,1175397.769589
24885,Will Trzaskowski or Nawrocki win the diaspora vote?,2025-05-21T00:04:21.614311Z,2025-06-01T12:00:00Z,193955.620639
175261,Japan General Election Winner?,2026-01-20T19:47:28.416919Z,2026-02-08T00:00:00Z,1537344.721054
14374,Next Prime Minister of Ireland,2024-11-12T17:05:14.226036Z,2024-11-29T12:00:00Z,13618946.85062309
106151,North Carolina Democratic Senate Primary Winner,2025-12-16T01:37:49.36421Z,2026-03-03T00:00:00Z,9217.620349
4076,Which party wins 2024 US Presidential Election?,2022-01-12T21:22:33.938Z,2024-11-08T12:00:00Z,8828319.27610304
28830,Virginia Governor Election Winner,2025-06-26T15:02:25.924881Z,2025-11-04T00:00:00Z,3162738.318208
23683,Which party wins the most primary votes in Australian election?,2025-04-30T17:20:30.580933Z,2025-06-30T12:00:00Z,1199930.959563
10568,EU Election: Which party will win the most seats?,2024-05-13T22:14:33.398369Z,2024-06-09T12:00:00Z,29714.821193
11355,# of Labour seats after UK Election? (450-525),2024-07-01T21:31:02.299638Z,2024-07-04T12:00:00Z,13019.299847
163600,Portugal Presidential Election: 1st Round 4th Place,2026-01-14T18:27:10.006066Z,2026-01-18T00:00:00Z,383442.617756
903637,Who will win Nevada?,2024-03-07T23:25:00Z,2024-11-04T12:00:00Z,14747559.128101
33861,Pittsburgh Mayoral Election,2025-07-23T23:57:50.477532Z,2025-11-04T12:00:00Z,22180.161793
96539,Portugal Presidential Election: 1st Round Winner,2025-12-03T21:04:52.04413Z,2026-01-18T00:00:00Z,3866361.93717
10268,MO-1 Democratic Primary Winner,2024-05-02T21:40:08.049385Z,2024-08-06T12:00:00Z,143946.449273
902541,California Senate Primary: Who will advance?,2023-09-21T17:50:14.059Z,2024-03-05T00:00:00Z,201746.87
21598,Will Pierre Poilievre lose his seat?,2025-03-24T22:43:47.862367Z,2025-04-28T12:00:00Z,918482.068705
33857,Albuquerque Mayoral Election,2025-07-23T23:57:50.474252Z,2025-11-04T12:00:00Z,124063.101813
48092,How many Democratic wins in November?,2025-09-22T19:25:02.28603Z,2025-11-04T00:00:00Z,140976.801937
903267,South Carolina Republican Primary Winner,2024-01-17T02:04:28.22Z,2024-02-24T00:00:00Z,1661201.01
21316,Which Party wins 3rd most seats in Canadian election?,2025-03-20T20:35:44.664371Z,2025-04-28T12:00:00Z,3730074.641594
903756,Indian Election: Modi reelected?,2024-03-08T17:49:19.66Z,2024-05-30T12:00:00Z,377942.060973
14835,Germany Parliamentary Election Winner,2024-12-16T18:29:45.287811Z,2025-02-23T12:00:00Z,134617984.549357
12939,Tunisia Presidential Election Winner,2024-09-30T19:10:47.885474Z,2024-10-09T12:00:00Z,5637148.865686
903650,Who will win North Carolina?,2024-03-08T19:44:00Z,2024-11-04T12:00:00Z,15723518.644454
90625,Bucharest Mayoral Election Margin of Victory,2025-11-27T14:44:19.99421Z,2025-12-07T00:00:00Z,226822.233314
177522,Prime Minister of Japan after snap election?,2026-01-20T20:41:16.818308Z,2026-02-08T00:00:00Z,8537490.673474
147393,Portugal Presidential Election: 1st Round Winner Lisbon District,2026-01-07T01:10:29.47367Z,2026-01-18T00:00:00Z,170198.847176
33842,New Orleans Mayoral Election,2025-07-23T23:45:54.386278Z,2025-10-11T12:00:00Z,93546.531059
11135,Will Reform win 7+ seats in UK Election?,2024-06-17T18:56:15.491713Z,2024-06-04T12:00:00Z,564446.318634
199757,Bangladesh Parliamentary Election: 2nd Place,2026-02-06T00:21:46.393739Z,2026-02-12T00:00:00Z,66130.347389
166322,Marseille Mayoral Election Winner,2026-01-16T20:15:34.173535Z,2026-03-22T00:00:00Z,281124.4235270002
177468,Will CRA win 173+ seats in the Japanese snap election?,2026-01-23T22:33:09.15668Z,2026-02-08T00:00:00Z,17419.39447
102808,Extremadura Regional Election Winner,2025-12-12T18:36:12.272942Z,2025-12-21T00:00:00Z,48931.553244
902982,Will DPP (民進黨) win a majority in the 2024 Taiwanese General Election?,2023-12-05T19:45:25.471Z,2024-01-13T00:00:00Z,36884.27
16763,Greenland Parliamentary Election Winner,2025-01-14T23:11:16.684719Z,2025-04-06T12:00:00Z,1916170.153662
10515,Labour wins a majority of seats in UK election? ,2024-04-30T16:16:00.263498Z,2025-01-31T12:00:00Z,223616.749048
28660,NYC Mayoral Dem Primary Mamdani MOV,2025-06-25T02:02:43.116895Z,2025-07-31T00:00:00Z,2815125.145866
23936,Poland Presidential Election 1st round winner?,2025-05-05T19:44:25.853827Z,2025-05-18T12:00:00Z,1719112.799062
107016,Jasmine Crockett Texas Senate Race Result,2025-12-16T22:32:12.529483Z,2026-11-03T00:00:00Z,16219.529347
179165,# of LDP seats after the 2026 Japanese snap election?,2026-01-23T17:55:25.940071Z,2026-02-08T00:00:00Z,248440.13331
189699,# of seats won by BJT in 2026 Thailand Legislative Election?,2026-01-26T22:31:38.392923Z,2026-02-08T00:00:00Z,59169.831804
15196,Which candidates will advance in Romanian Election 1st round?,2024-12-06T23:01:26.561802Z,2025-06-30T12:00:00Z,5955649.670416
10336,South Africa Presidential Election Winner,2024-04-12T17:00:26.999226Z,2024-05-29T12:00:00Z,188579.122493
24878,Will Romania's court annul the presidential election?,2025-05-20T18:12:21.967113Z,2025-08-31T12:00:00Z,1337263.70444
90590,Bucharest Mayoral Election: Any Candidate Gets >50% of the Vote?,2025-11-26T21:03:58.170301Z,2025-12-07T00:00:00Z,12735.231557
103730,Thailand Legislative Election Winner,2025-12-16T00:37:32.197534Z,2026-02-08T00:00:00Z,14899929.808466
111878,IL-02 Democratic Primary Winner,2025-12-19T17:16:11.719577Z,2026-03-17T00:00:00Z,29031.321088999997
54971,Irish Presidential Election Margin of Victory,2025-10-06T16:25:05.120873Z,2025-10-24T00:00:00Z,1390168.813331
198837,Japan Election: LDP Seats Margin of Victory?,2026-02-06T00:10:02.650683Z,2026-02-08T00:00:00Z,101594.302958
263185,Slovenian Parliamentary Election: 2nd Place,2026-03-13T15:12:20.150167Z,2026-03-22T00:00:00Z,49689.82765899999
21183,Next Prime Minister of Portugal after the 2025 election?,2025-03-17T21:52:45.953923Z,2025-05-18T12:00:00Z,5188465.87866
903206,Iowa Caucus 2nd place?,2024-01-08T20:36:13.891Z,2024-01-15T00:00:00Z,3310012.53
22660,Will any candidate win outright in 1st round of Romanian Election?,2025-04-14T15:50:28.238708Z,2025-05-04T12:00:00Z,68423.478775
179199,# of DPFP seats after the 2026 Japanese snap election?,2026-01-23T18:01:23.63036Z,2026-02-08T00:00:00Z,2089.565663
902824,Virginia State Legislature: Will Republicans gain full control?,2023-11-06T16:58:38.038Z,2023-11-07T00:00:00Z,34679.54
23512,Canada election called by midnight?,2025-04-28T15:04:26.90065Z,2025-04-28T12:00:00Z,2080039.122137
263567,# of seats won by TISZA in Hungary parliamentary election?,2026-03-13T17:29:57.711774Z,2026-04-12T00:00:00Z,1814826.7224270012
903675,Trump Margin of Victory in Idaho Caucus?,2024-03-02T00:29:00Z,2024-03-02T00:00:00Z,7323.6
91200,GA-14 special election winner?,2025-11-26T18:58:48.024755Z,2026-04-07T00:00:00Z,352041.63715999987
10744,Will UK Election on July 4 be cancelled?,2024-05-23T18:29:16.869625Z,2024-06-15T12:00:00Z,6541.007102
95236,Hong Kong Election: Geographical Constituency Seat Turnover >40%?,2025-12-02T17:24:38.683869Z,2025-12-07T00:00:00Z,15013.450752
903278,NY-3 Special Election for Santos seat: Suozzi (D) vs. Pilip (R),2024-01-17T21:39:26.342Z,2024-02-13T00:00:00Z,642842.83
903525,Slovakia Presidential Election Winner,2024-02-22T19:52:00Z,2024-03-23T00:00:00Z,101995.17879
10516,Which party wins the most seats after UK Election?,2024-04-30T16:55:17.819667Z,2025-01-28T12:00:00Z,1763874.095327
54987,Larger Margin of Victory: Virginia or New Jersey Governor?,2025-10-08T19:39:59.136615Z,2025-11-04T00:00:00Z,48032.151548
21304,# of seats Bloc Quebecois win in Canadian Election?,2025-03-20T19:41:38.31145Z,2025-04-28T12:00:00Z,487467.14819
21312,Liberals win majority in Canadian election?,2025-03-20T19:27:45.507654Z,2025-04-28T12:00:00Z,4638784.633479
15422,Belarus Presidential Election,2024-12-12T23:29:10.854192Z,2025-01-26T12:00:00Z,7470877.224582
33820,Minneapolis Mayoral Election,2025-07-24T00:09:44.772313Z,2025-11-04T12:00:00Z,3503512.342191
13379,Will Moldova's EU membership referendum pass?,2024-10-11T23:24:58.751266Z,2024-10-20T12:00:00Z,222930.043314
10303,Indian Election: Will BJP win a majority of seats?,2024-04-10T22:09:53.639437Z,2024-06-01T12:00:00Z,205623.838929
13727,Will GD win a majority in Georgia parliamentary election?,2024-10-24T17:05:32.174277Z,2024-10-26T12:00:00Z,332279.12271
84057,Chile Presidential Election Margin of Victory: Second Round,2025-11-18T20:26:05.084763Z,2026-01-31T00:00:00Z,2049951.621497
42620,Next French Prime Minister appointed by...?,2025-09-08T21:04:43.663229Z,2025-09-19T00:00:00Z,28003.264949
15602,Which Parties will be part of next German Government?,2024-12-18T15:15:32.371978Z,2025-06-30T12:00:00Z,9936625.839357
23258,Will the Conservative Party win 13+ seats in Quebec?,2025-04-22T20:58:20.914534Z,2025-04-28T12:00:00Z,4752.973051
24208,Cameroon Presidential Election,2025-05-12T14:44:38.948394Z,2025-10-05T12:00:00Z,1165024.795556
14605,Iceland Legislative Election,2024-11-21T15:15:05.508459Z,2024-11-30T12:00:00Z,307571.151182
10511,When will UK election be held?,2024-04-29T22:56:00.471335Z,2025-01-01T12:00:00Z,82725.500375
64785,Netherlands parliamentary election: JA21 seats,2025-10-24T20:50:37.755243Z,2025-10-29T00:00:00Z,32573.082172
12737,Mozambique Presidential Election Winner,2024-09-24T16:56:46.958948Z,2024-10-09T12:00:00Z,219509.061955
337461,Scarborough Southwest By-Election Winner,2026-04-03T23:58:56.064829Z,2026-04-13T00:00:00Z,63523.685977
37341,Jamaica House of Representatives Election Winner,2025-08-13T20:38:31.365653Z,2025-09-03T00:00:00Z,89729.583372
15586,Next Chancellor of Germany? ,2024-12-16T20:53:38.566319Z,2025-12-31T12:00:00Z,40890460.748147
37348,Next Prime Minister of Jamaica,2025-08-13T22:48:45.048072Z,2025-09-03T00:00:00Z,203694.822284
13728,Which party will win the most seats in Japanese general election?,2024-10-24T17:03:19.32515Z,2024-10-27T12:00:00Z,65026.950971
903144,Will Haley beat DeSantis in Iowa?,2023-12-28T19:00:58.929Z,2024-01-15T00:00:00Z,4338.13
22441,Oakland mayoral special election,2025-04-07T20:08:46.781898Z,2025-04-15T12:00:00Z,270942.756663
10586,Lithuania Presidential Election Winner ,2024-05-07T16:50:21.993446Z,2024-05-26T12:00:00Z,269026.649166
36714,Which pair advances to Bolivia runoff election?,2025-08-11T17:54:16.649981Z,2025-08-17T00:00:00Z,909443.155277
10330,South Africa Election: Will ANC win a majority of seats?,2024-04-12T15:44:58.58658Z,2024-05-29T12:00:00Z,42785.122411
903266,Will Kamala Harris be the Democratic VP nominee?,2024-01-17T17:19:00.193Z,2024-08-21T12:00:00Z,1397015.703851
42622,Next French confidence vote passes?,2025-09-08T23:00:29.330087Z,2025-10-31T00:00:00Z,222493.239319
264245,Right-Wing Wave in French Mayoral Elections?,2026-03-13T20:15:42.229934Z,2026-03-22T00:00:00Z,12327.804320000003
176991,Cochabamba Governor Election Winner (Bolivia),2026-01-20T16:13:20.736647Z,2026-03-22T00:00:00Z,57874.80367400006
16430,Which Party wins most seats in Canadian election?,2025-01-06T18:13:34.096384Z,2025-04-28T12:00:00Z,12658796.49542
112070,IL-07 Democratic Primary Winner,2025-12-19T19:44:34.609144Z,2026-03-17T00:00:00Z,16419.627315000005
17819,Which party holds the most seats after Argentina Deputies Election?,2025-02-06T00:06:23.961761Z,2025-12-10T12:00:00Z,24160011.301154
903376,Canada federal election in 2024?,2024-01-31T20:22:37.509Z,2024-12-30T12:00:00Z,1863854.43716701
81543,Guinea Presidential Election,2025-11-14T20:41:38.06247Z,2025-12-28T00:00:00Z,174912.858432
201570,# of BJI seats after the 2026 Bangladesh Parliamentary Election?,2026-02-10T00:20:06.393889Z,2026-02-12T00:00:00Z,41226.238397
23259,Will the Conservative Party win 37+ seats in Ontario?,2025-04-22T20:16:22.54027Z,2025-04-28T12:00:00Z,4282.721872
228509,Gorton and Denton by-election: 2nd Place,2026-02-24T22:43:13.765956Z,2026-02-26T00:00:00Z,31184.899302
64786,Netherlands parliamentary election: VVD seats,2025-10-24T20:50:36.643299Z,2025-10-29T00:00:00Z,46660.015387
10301,Indian Election: NDA Margin of Victory,2024-04-10T22:54:59.716629Z,2024-06-01T12:00:00Z,61842.052716
10997,Virginia Senate Republican Primary Winner,2024-06-07T20:36:16.710451Z,2024-06-18T12:00:00Z,38029.73322
52250,Montreal Mayoral Election,2025-09-30T23:24:24.253917Z,2025-11-02T00:00:00Z,49213.559837
34049,Bolivia Senate Election Winner,2025-07-25T15:29:03.848063Z,2025-08-17T00:00:00Z,164290.930621
41299,Arizona House Special Election,2025-09-02T21:31:23.970483Z,2025-09-23T00:00:00Z,21612.298848
41682,Lisbon Mayoral Election,2025-09-04T16:05:39.881299Z,2025-10-12T00:00:00Z,95147.482521
287579,Next President of Benin,2026-03-19T23:26:04.924064Z,2026-04-12T00:00:00Z,36598.91009499999
14874,Poland Presidential Election,2024-11-29T19:39:32.016331Z,2025-06-01T12:00:00Z,128972884.206035
14826,UK election called before 2025?,2024-11-25T18:56:07.822379Z,2024-12-31T12:00:00Z,78303.731024
903224,Trump Margin of Victory in Iowa Caucus?,2024-01-11T18:48:20.074Z,0024-01-15T00:00:00Z,436644.85
11241,How many seats will National Rally coalition win in French Election?,2024-06-24T21:06:17.223248Z,2024-07-07T12:00:00Z,167104.903763
177739,Costa Rica Presidential Election Margin of Victory: First Round,2026-01-21T15:45:56.658848Z,2026-02-01T00:00:00Z,137372.440118
11020,Will Stancil wins Minnesota House Democratic Primary?,2024-06-10T19:06:18.584724Z,2024-08-13T12:00:00Z,68734.352967
25933,Netherlands Parliamentary Election,2025-06-03T22:02:40.163574Z,2026-07-31T00:00:00Z,32791392.842579
80918,Who will win the Lyon mayoral election?,2025-11-15T00:22:12.171734Z,2026-03-22T00:00:00Z,2720336.8488049987
15188,Georgescu banned from Romania election?,2024-12-06T20:13:27.613565Z,2025-06-30T12:00:00Z,542240.220249
11024,Which party wins second most seats in UK Election?,2024-06-17T14:51:18.515442Z,2024-07-04T12:00:00Z,585891.891171
211818,Next Prime Minister of Nepal,2026-02-16T16:55:23.699759Z,2026-03-05T00:00:00Z,2153069.6256780075
10943,Nevada Senate Republican Primary Winner,2024-06-05T21:51:17.544482Z,2024-06-11T12:00:00Z,77168.476275
96562,Benin Parliamentary Election Winner,2025-12-04T20:35:19.623756Z,2026-01-11T00:00:00Z,145176.866741
903112,Trump wins every state in Rep. Nomination?,2023-12-21T22:32:15.348Z,2024-06-25T00:00:00Z,819850.48
54998,Larger Margin of Victory: Mamdani vs Spanberger?,2025-10-07T21:53:46.600338Z,2025-11-04T00:00:00Z,42569.458795
33851,Atlanta Mayoral Election,2025-07-23T23:57:50.472671Z,2025-11-04T12:00:00Z,23781.739141
19223,Ontario Parliamentary Election 2nd Place,2025-02-21T21:48:52.337943Z,2025-02-27T12:00:00Z,434630.285517
59404,Which coalition will form the next Dutch government?,2025-10-15T17:56:29.118383Z,2026-10-31T00:00:00Z,70359348.243183
91890,Honduras Presidential Election Margin of Victory,2025-11-29T20:51:53.003007Z,2025-11-30T00:00:00Z,290709.467159
101814,Texas Governor Republican Primary Winner,2025-12-11T16:28:34.974797Z,2026-03-03T00:00:00Z,17960.804535
266367,Hungary Election: Fidesz-KDNP wins___seats?,2026-03-16T18:28:20.960526Z,2026-04-12T00:00:00Z,601207.6892949998
902772,Taiwan Presidential Election: Who will win?,2023-10-26T20:52:11.046Z,2024-01-13T00:00:00Z,3786537.41
74070,Will Zohran Mamdani win by >9%?,2025-11-05T22:38:08.465448Z,2025-12-31T00:00:00Z,741782.330111
266119,Hungary Election: Fidesz-KDNP % of popular vote,2026-03-16T18:42:28.336701Z,2026-04-12T00:00:00Z,154271.4593050001
903250,Finland Presidential Election Winner,2024-01-17T00:05:00Z,2024-02-11T00:00:00Z,697969.29
101815,Texas Governor Democratic Primary Winner,2025-12-11T16:28:34.965905Z,2026-03-03T00:00:00Z,19352.144817
903209,Who will win the 2024 Republican Iowa Caucus?,2024-01-08T22:49:46.49Z,2024-01-15T00:00:00Z,1204597.5
74079,Will Mikie Sherrill win by >14%?,2025-11-05T22:57:56.996213Z,2025-12-31T00:00:00Z,1361334.821045
95022,NJ-11 Special Election Democratic Primary Winner,2025-12-01T21:22:32.367632Z,2026-02-05T00:00:00Z,130738.623865
32587,Will any candidate win outright in 1st round of Bolivia Election?,2025-07-15T20:05:53.177861Z,2025-08-17T00:00:00Z,137770.268085
200760,TX-10 Republican Primary Winner,2026-02-06T23:43:35.056588Z,2026-03-03T00:00:00Z,44226.95272900001
15619,Which Party wins 2nd most seats in German election?,2024-12-18T17:11:32.877875Z,2025-02-23T12:00:00Z,16481671.959351
24880,South Korea Presidential Election Margin of Victory,2025-05-20T19:42:20.292936Z,2025-06-03T12:00:00Z,3817287.349003
73258,2nd Place in Bucharest Mayoral Election,2025-11-06T00:16:38.162053Z,2025-12-07T00:00:00Z,1852244.015704
81651,Who will be the next Speaker of the New York City Council?,2025-11-15T01:07:43.263834Z,2026-01-07T00:00:00Z,45801.071886
26877,First round leader wins NYC Democratic primary?,2025-06-12T22:50:29.457812Z,2025-06-24T00:00:00Z,43435.742632
41438,Which Parties will be part of next Government of the Netherlands?,2025-09-04T03:16:43.373864Z,2025-10-29T00:00:00Z,875623.220124
80004,Illinois Republican Senate Primary Winner,2025-11-13T19:34:47.997156Z,2026-03-17T00:00:00Z,12392.745773000004
11124,VA-5 Republican Primary Winner,2024-06-17T16:21:17.970521Z,2024-06-18T12:00:00Z,18613.067952
13377,Uruguay Presidential Election,2024-10-11T22:38:55.076439Z,2024-11-24T12:00:00Z,1043470.036919
10233,"How many ""Squad"" members will lose their primaries?",2024-04-04T16:54:41.753592Z,2024-09-03T12:00:00Z,384197.238868
16431,Which Party wins 2nd most seats in Canadian election?,2025-01-06T18:11:40.674025Z,2025-04-28T12:00:00Z,3542496.734582
23634,Australia election results in a hung parliament?,2025-04-29T22:18:27.141045Z,2025-05-03T12:00:00Z,124811.347257
903306,New Hampshire Democratic Primary Winner,2024-01-22T17:03:00Z,2024-01-23T00:00:00Z,281847.2
201569,# of BNP seats after the 2026 Bangladesh Parliamentary Election?,2026-02-10T00:20:06.38629Z,2026-02-12T00:00:00Z,53364.532996
177648,Governing Parties after Japanese snap election?,2026-01-27T22:47:22.590616Z,2026-02-08T00:00:00Z,62840.556485
16868,Romania Presidential Election Winner,2025-01-17T22:05:39.682487Z,2025-05-18T12:00:00Z,234266874.453681
10740,Next UK prime minister?,2024-05-22T18:29:14.35443Z,2024-07-04T12:00:00Z,2397663.427323
23633,Next Government of Australia ,2025-04-29T22:18:27.432581Z,2025-05-03T12:00:00Z,3362977.536579
10022,Ohio Senate Election Winner,2024-04-03T21:49:35.964079Z,2024-11-05T12:00:00Z,15455997.283411
179295,Next President of Vietnam,2026-01-21T18:49:14.033128Z,2026-01-25T00:00:00Z,32018741.92803801
25928,New Netherlands election announced before Summer Recess?,2025-06-03T20:44:27.790258Z,2025-07-03T00:00:00Z,125110.173606
43173,Virginia Governor Election Abigail Spanberger  margin of victory?,2025-09-11T22:31:28.721885Z,2025-11-04T00:00:00Z,1841280.625715
36090,Which candidates will advance to Bolivia’s presidential runoff?,2025-08-06T17:39:13.322723Z,2025-12-31T00:00:00Z,1367030.902271
93545,Honduras Presidential Election Second Place,2025-11-29T21:11:43.363706Z,2025-11-30T00:00:00Z,490695.852074
902869,Margin in Argentina Presidential Election?,2023-11-15T22:37:31.659Z,2023-11-19T00:00:00Z,65627.65
21307,# of seats the Green Party wins in Canadian Election?,2025-03-20T19:33:43.87351Z,2025-04-28T12:00:00Z,365160.187222
53212,Netherlands Parliamentary Election: GL-PvdA vs CDA,2025-10-03T14:29:12.573425Z,2025-10-29T00:00:00Z,57089.140165
24375,Burundi Parliamentary Election Winner,2025-05-12T22:56:24.303161Z,2025-06-05T12:00:00Z,162985.534921
261272,Will any Illinois Dem House incumbent lose their primary?,2026-03-11T21:53:33.533484Z,2026-03-17T00:00:00Z,2872.5729649999994
16835,Ontario election called before May?,2025-01-16T21:27:05.070046Z,2025-04-30T12:00:00Z,17514.319957
200758,TX-02 Republican Primary Winner,2026-02-06T23:47:16.959948Z,2026-03-03T00:00:00Z,129134.106871
902846,Will Putin be reelected?,2023-11-12T21:09:51.241Z,2024-03-17T00:00:00Z,384569.349864
41655,Which Party wins 4th most seats in Netherlands election?,2025-09-04T03:38:04.181278Z,2026-07-31T00:00:00Z,705650.76913
45470,Netherlands parliamentary election: PVV seats,2025-09-16T16:38:05.373938Z,2026-07-31T00:00:00Z,624037.689164
21301,Canada election called by Sunday?,2025-03-20T20:16:04.155812Z,2025-03-23T12:00:00Z,43773.800681
22501,New Jersey Governor Democratic Primary Winner,2025-04-08T21:14:34.526068Z,2025-06-10T12:00:00Z,1546356.329895
22858,Australia Election: Seat of Brisbane,2025-04-15T22:34:36.762886Z,2025-05-03T12:00:00Z,140121.564382
45054,Which Parties will be part of next Government of the Moldova?,2025-09-16T17:17:10.426993Z,2025-12-31T00:00:00Z,146603.554282
12711,Which party wins most seats in New Brunswick election?,2024-09-19T22:28:47.733502Z,2024-10-28T12:00:00Z,230156.246409
11791,Lucie Castets appointed as French PM by August 31?,2024-07-31T18:38:59.25522Z,2024-08-31T12:00:00Z,12228.490563
189569,Thailand Legislative Election 2nd Place,2026-01-26T22:31:44.654043Z,2026-02-08T00:00:00Z,229379.873995
177721,Will LDP win a majority in the 2026 Japanese snap election?,2026-01-21T02:19:42.666194Z,2026-02-08T00:00:00Z,272709.693592
41300,Tennessee House Special Election,2025-09-02T22:53:38.665951Z,2025-12-02T00:00:00Z,1342487.597898
74045,Chile Presidential Election 1st round: 2nd Place,2025-11-05T22:38:08.33414Z,2025-11-16T00:00:00Z,942509.978789
14596,Croatia Presidential Election,2024-11-20T01:25:11.601627Z,2025-01-12T12:00:00Z,5061742.448874
264246,Left-Wing Wave in French Mayoral Elections?,2026-03-13T19:55:39.997342Z,2026-03-22T00:00:00Z,25772.074733999983
10885,Will Nigel Farage win election to UK parliament?,2024-06-03T18:26:15.242547Z,2024-07-04T12:00:00Z,326337.441075
903792,Senegal Presidential Election Winner,2024-03-11T22:31:00Z,2024-03-24T00:00:00Z,77419.600004
11209,Who will win San Francisco Mayor Election?,2024-06-21T21:41:11.586902Z,2024-11-05T12:00:00Z,1685538.857464
13156,Porto Alegre mayoral election 2024,2024-10-02T22:58:43.210075Z,2024-10-06T12:00:00Z,457239.498936
189775,Will Seguro win all of Portugal's districts?,2026-01-26T22:31:37.988946Z,2026-02-08T00:00:00Z,2401143.748668
33869,Will ANO form a government after Czech election ?,2025-07-23T22:03:32.462613Z,2025-10-04T23:59:59.999Z,79565.176524
311944,Bulgarian Parliamentary Election: Which Parties Enter Parliament?,2026-03-27T16:25:50.969465Z,2026-04-19T00:00:00Z,249167.8970739998
10806,Iceland Presidential Election Winner,2024-05-29T19:31:13.951588Z,2024-06-01T12:00:00Z,55864.849179
189595,Thailand Legislative Election 3rd Place,2026-01-26T22:35:00.434781Z,2026-02-08T00:00:00Z,513855.370756
23711,Next Prime Minister of Albania ,2025-04-30T23:50:30.61299Z,2025-05-11T12:00:00Z,987288.601737
13459,Belo Horizonte mayoral election 2024,2024-10-16T19:03:01.368253Z,2024-10-27T12:00:00Z,17422.913382
67305,When will the AP call the New Jersey governor election?,2025-10-29T18:23:06.488818Z,2025-11-05T00:00:00Z,26301.833
46860,AZ-07 Special Election: Adelita Grijalva margin of victory?,2025-09-23T08:33:52.892388Z,2025-10-14T00:00:00Z,1146694.321684
30386,Will Mamdani get over 50% of the vote in the general mayoral election?,2025-07-01T00:50:32.329852Z,2025-11-03T23:00:00Z,6105457.486417
903665,Who will win Michigan?,2024-03-07T23:56:00Z,2024-11-04T12:00:00Z,28460709.954984
26878,NYC Mayoral Dem Primary MOV,2025-06-12T22:56:27.37271Z,2025-06-24T00:00:00Z,1009326.85855
75633,Costa Rica Legislative Assembly Election Winner,2025-11-10T18:53:59.877843Z,2026-02-01T00:00:00Z,1130185.612395
95685,Honduras Election: Nasralla flips Asfura by Wednesday 12 PM ET?,2025-12-02T18:04:46.891379Z,2025-12-03T00:00:00Z,27619.343581
163587,Portugal Presidential Election: 1st Round 3rd Place,2026-01-14T18:17:09.279425Z,2026-01-18T00:00:00Z,141393.287431
23261,Will the Green Party win a seat in British Columbia ?,2025-04-22T20:18:22.317932Z,2025-04-28T12:00:00Z,270938.468517
33862,Will there be a recount in the 2025 NYC mayoral election?,2025-07-23T22:03:32.332514Z,2026-01-01T23:00:00Z,72011.266765
37327,Will the 2025 Guinea referendum pass?,2025-08-13T19:45:07.717307Z,2025-09-21T00:00:00Z,8231.64074
902472,Will a Democrat win the Kentucky gubernatorial election?,2023-09-12T20:16:03.933Z,2023-11-07T00:00:00Z,129302.68
903216,Popular Vote Winner 2024,2024-01-09T23:37:00Z,2024-11-04T12:00:00Z,628163458.451128
64792,Netherlands Parliamentary Election: DENK vs BBB,2025-10-24T20:50:30.336209Z,2025-10-29T00:00:00Z,11112.669232
23679,# of seats Labor win in Australian Election?,2025-04-30T17:18:27.271925Z,2025-05-03T12:00:00Z,143227.614342
38549,How many seats will the red bloc win in Norwegian Election?,2025-08-21T18:28:27.404845Z,2025-09-08T00:00:00Z,74901.297641
12584,Sri Lanka Presidential Election Winner,2024-09-13T23:53:10.008109Z,2024-09-21T12:00:00Z,106265.556867
903110,Trump >50% chance of winning nomination after Super Tuesday?,2023-12-21T17:51:23.936Z,2024-03-06T00:00:00Z,163.78
23254,Which Party wins most seats in Philippines election?,2025-04-22T20:02:33.299692Z,2025-05-12T12:00:00Z,723289.936071
24685,Moldova Parliamentary Election,2025-05-19T20:30:28.567453Z,2025-09-28T12:00:00Z,914519.897222
37346,Guyana Presidential Election,2025-08-13T22:16:32.76838Z,2025-09-01T00:00:00Z,378622.831315
26507, New Jersey Governor Election Winner 2025,2025-06-10T01:48:21.735506Z,2025-11-04T00:00:00Z,13718323.795764
78983,Costa Rica Presidential Election,2025-11-11T17:20:28.494581Z,2026-02-01T00:00:00Z,4361346.610564
24886,Tanzania Presidential Election,2025-05-21T20:38:27.520346Z,2025-10-28T12:00:00Z,148075.777305
73589,Chile Presidential Election Margin of Victory: First Round,2025-11-05T22:38:08.510747Z,2025-11-16T00:00:00Z,160608.856472
902767,Trump and Biden both lose nomination?,2023-10-25T15:47:40.873Z,2024-08-22T12:00:00Z,11742.056745
133043,Portugal Presidential Election Margin of Victory: First Round,2025-12-31T17:57:13.66845Z,2025-12-18T00:00:00Z,206773.417232
106854,Bangladesh Parliamentary Election Winner,2025-12-16T20:56:25.544968Z,2026-02-12T00:00:00Z,3136290.727922
903705,Ohio Republican Senate Primary Winner,2024-03-06T17:50:00Z,2024-03-19T00:00:00Z,99167.131861
903783,Will Biden win Georgia Democratic Primary?,2024-03-11T16:16:55.116Z,2024-03-12T00:00:00Z,58676.08
31907,Romania Parliamentary Election called in 2025?,2025-07-11T10:57:44.071077Z,2025-12-31T00:00:00Z,32627.338156
80931,Next Prime Minister of Saint Vincent and the Grenadines,2025-11-14T22:33:44.93006Z,2026-03-31T00:00:00Z,63567.85196
43172, New Jersey Governor Election Mikie Sherrill margin of victory?,2025-09-11T22:17:10.388577Z,2025-11-04T00:00:00Z,6209424.612558
41372,How many seats will the Conservative Party (H) win in Norwegian Election?,2025-09-03T21:16:33.668108Z,2025-09-08T00:00:00Z,5091.019565
198847,# of CRA seats after the 2026 Japanese snap election? (Lower Brackets),2026-02-06T00:10:02.656589Z,2026-02-08T00:00:00Z,26216.111028
903193,Presidential Election Winner 2024,2024-01-04T22:58:00Z,2024-11-05T12:00:00Z,3686335059.295466
10407,Indian Election: How many seats will the NDA win?,2024-04-18T22:10:54.108627Z,2024-06-04T12:00:00Z,590670.304682
200737,MS-01 Democratic Primary Winner,2026-02-06T23:15:48.368704Z,2026-03-10T00:00:00Z,4347.945594999999
248117,Next Toulouse Mayor after municipal election?,2026-03-06T14:55:40.095562Z,2026-03-22T00:00:00Z,304547.9860939996
177629,Japan General Election 3rd Place?,2026-01-21T02:37:34.711965Z,2026-02-08T00:00:00Z,161503.067876
34048,Bolivia Chamber of Deputies Election Winner,2025-07-25T15:29:03.85184Z,2025-08-17T00:00:00Z,315277.812862
266168,Hungary Election: TISZA % of Popular Vote,2026-03-16T18:36:08.922652Z,2026-04-12T00:00:00Z,621357.0703439995
42603,Next Japanese Prime Minister,2025-09-08T23:00:30.346163Z,2026-04-30T00:00:00Z,6163867.571181
903099,Will Trump appear on Colorado primary ballot?,2023-12-20T00:49:49.753Z,2024-03-06T00:00:00Z,110449.14
903204,Mexico Presidential Election Winner,2024-01-16T22:33:11.74Z,2024-06-01T12:00:00Z,2082859.162007
21180,Which Party wins most seats in Portugal election?,2025-03-17T21:32:10.820457Z,2025-05-18T12:00:00Z,3519865.540993
14464,New Netherlands election called in 2024?,2024-11-18T18:09:24.397551Z,2024-12-31T12:00:00Z,15226.731436
177007,La Paz Governor Election Winner (Bolivia),2026-01-20T16:21:37.425861Z,2026-03-22T00:00:00Z,42528.532878
26087,Which Party wins 2nd most seats in Netherlands election?,2025-06-05T19:44:22.443735Z,2026-07-31T00:00:00Z,8777189.034036
902875,Netherlands General Election: Which party will win the most seats?,2023-11-17T19:13:26.66Z,2023-11-22T00:00:00Z,52429.17
189693,# of seats won by PPLE in 2026 Thailand Legislative Election?,2026-01-26T22:23:54.659914Z,2026-02-08T00:00:00Z,143737.3337370001
903214,Republican Nominee 2024,2024-01-13T00:41:17.752Z,2024-07-17T12:00:00Z,9397341.455333
25232,Next Prime Minister of Romania,2025-05-28T03:06:23.527914Z,2025-12-31T12:00:00Z,3263200.323222
10896,Will Joe Manchin run for West Virginia Governor?,2024-06-03T21:21:12.429495Z,2024-08-01T12:00:00Z,49907.238919
903069,UK election called by end of year?,2023-12-13T20:16:58.84Z,2023-12-31T00:00:00Z,2450.26
16432,Conservatives win majority in Canadian election?,2025-01-06T18:01:35.647896Z,2025-04-28T12:00:00Z,7322211.32496
337506,University—Rosedale By-Election Winner,2026-04-03T23:56:11.121321Z,2026-04-13T00:00:00Z,88908.04169899998
22640,Ecuador Presidential Election Margin of Victory,2025-04-11T16:24:47.637508Z,2025-04-13T12:00:00Z,37576.479357
903791,Mississippi Republican Senate Primary Winner,2024-03-11T19:26:00Z,2024-03-11T00:00:00Z,9560.02
33838,Jersey City Mayoral Election,2025-07-23T23:34:17.894744Z,2025-11-04T12:00:00Z,432161.105383
175452,Next Prime Minister of Vietnam,2026-01-20T16:01:44.526178Z,2026-01-25T00:00:00Z,16666965.655430993
175385,Portugal Presidential Election Margin of Victory: Second Round,2026-01-20T19:21:54.209904Z,2026-02-08T00:00:00Z,3066158.052778
147912,Will Mendes be flipped for Portugal Presidential Election by...?,2026-01-06T23:13:06.539598Z,2026-01-17T00:00:00Z,10122.731579
48309,Zohran Mamdani Margin of Victory,2025-09-22T20:54:32.150632Z,2025-11-04T00:00:00Z,13530574.659281
21245,# of seats Liberals win in Canadian Election?,2025-03-19T16:00:13.618304Z,2025-04-28T12:00:00Z,1824261.365946
311876,Bulgarian Parliamentary Election: 3rd Place,2026-03-27T16:29:56.301458Z,2026-04-19T00:00:00Z,257320.16631600008
21315,Ireland Presidential Election,2025-03-20T20:16:04.076117Z,2025-10-24T12:00:00Z,152026239.339043
10304,Panama Presidential Election Winner,2024-04-09T19:30:02.781836Z,2024-05-05T12:00:00Z,114658.924657
41303,Tuscany Presidential Election,2025-09-03T18:56:33.0117Z,2025-10-13T00:00:00Z,140692.265347
160345,Vietnam Communist Party General Secretary Election,2026-01-14T17:51:16.814829Z,2026-01-25T00:00:00Z,11834743.158616
197860,Texas Democratic Senate Primary Margin of Victory,2026-02-04T18:36:13.88451Z,2026-03-03T00:00:00Z,23730.236803
11034,Which party wins the most seats in French Election?,2024-06-10T22:36:15.351016Z,2024-07-07T12:00:00Z,917487.506003
189839,Gorton and Denton by-election Winner,2026-01-27T17:07:37.187479Z,2026-02-26T00:00:00Z,1060166.285611
198781,# of LDP seats after the 2026 Japanese snap election? (Higher Brackets),2026-02-05T21:39:23.512348Z,2026-02-08T00:00:00Z,119315.972229
903537,Trump Margin of Victory in Michigan Primary?,2024-02-23T18:04:00Z,2024-02-27T00:00:00Z,347389.8
32592,How many boroughs will Mamdani win in NYC Mayoral Election?,2025-07-15T19:48:39.279681Z,2025-11-04T00:00:00Z,638864.113758
24371,South Korea Presidential Election 3rd Place?,2025-05-12T20:48:23.500524Z,2025-06-03T12:00:00Z,6013646.177461
21309,# of seats the PPC wins in Canadian Election?,2025-03-20T19:33:43.992656Z,2025-04-28T12:00:00Z,2103706.488536
22672,2025 Gabonese Presidential election Winner,2025-04-11T21:58:38.248959Z,2025-04-12T12:00:00Z,63226.045587
200736,IL-06 Democratic Primary Winner,2026-02-06T23:13:32.81424Z,2026-03-17T00:00:00Z,8315.350397000002
10937,Italy EU Election,2024-06-05T19:36:19.280163Z,2024-06-09T12:00:00Z,3716.864853
903443,NY-3 Special Election: Will Suozzi (D) win by over 5%?,2024-02-12T23:32:41.47Z,2024-02-13T00:00:00Z,15164.65
64341,Irish Presidential Election: Catherine Connolly Margin of Victory ,2025-10-23T23:59:53.880007Z,2025-10-24T00:00:00Z,115193.824403
95904,Central African Republic Presidential Election,2025-12-03T17:36:40.43829Z,2025-12-28T00:00:00Z,240058.175639
33846,Boston Mayoral Election,2025-07-23T23:57:50.467961Z,2025-11-04T12:00:00Z,172696.009045
22665,Canada Election: # of Seats Margin of Victory?,2025-04-11T19:38:38.405422Z,2025-04-28T12:00:00Z,5340680.608281
14882,Ecuador Presidential Election,2024-11-26T23:27:58.001848Z,2025-04-13T12:00:00Z,4911039.956261
23878,Romanian Presidential Election Margin of Victory,2025-05-05T01:38:25.357072Z,2025-05-18T12:00:00Z,34330747.239913
21616,Czech Republic Parliamentary Election Winner,2025-03-25T21:51:46.937238Z,2025-09-30T12:00:00Z,20966540.015937
39639,Next Prime Minister of the Czech Republic,2025-08-25T17:05:00.994497Z,2025-10-03T00:00:00Z,3217462.703387
243968,Toulon Mayoral Election Winner,2026-03-04T00:13:57.912495Z,2026-03-22T00:00:00Z,592604.4359270008
11043,National Rally coalition wins majority of seats in French Election?,2024-06-11T19:26:19.677464Z,2024-07-07T12:00:00Z,85142.322162
64788,Netherlands Parliamentary Election: D66 vs VVD,2025-10-24T20:50:37.377774Z,2025-10-29T00:00:00Z,31966.355164
25233,Romania election called before July?,2025-05-28T02:28:20.668526Z,2025-06-30T12:00:00Z,32702.508515
23682,Will the Greens win 4+ seats in Australian Election?,2025-04-30T17:08:29.543867Z,2025-05-03T12:00:00Z,89796.533572
28158,Andrew Cuomo 1st round MOV in NYC Dem mayoral primary?,2025-06-20T22:50:35.101984Z,2025-06-24T00:00:00Z,76106.960401
903686,First place in California Senate Primary?,2024-03-01T22:03:00Z,2024-03-05T00:00:00Z,1143471.384508
903704,Will Nikki Haley win any state on Super Tuesday?,2024-03-04T21:12:08.846Z,2024-03-05T00:00:00Z,95001.38
90451,2026 U.S. House election: Republicans flip the Democrats by...?,2025-12-02T18:04:48.167062Z,2026-03-31T00:00:00Z,63878.084041
24601,Seychelles Presidential Election,2025-05-19T20:30:28.564578Z,2025-10-11T12:00:00Z,1597870.330466
903683,Who will win Wisconsin?,2024-03-08T00:06:00Z,2024-11-05T12:00:00Z,13281411.257896
246812,Hungary Election: Popular Vote Margin of Victory,2026-03-05T22:04:24.423254Z,2026-04-12T00:00:00Z,3614164.931274001
23336,Will Anthony Albanese lose his seat?,2025-04-23T21:58:26.703928Z,2025-05-17T12:00:00Z,173759.305332
95897,North Carolina Republican Senate Primary Winner,2025-12-02T19:50:46.840708Z,2026-03-03T00:00:00Z,32216.335134
24796,Poland Presidential Election Margin of Victory,2025-05-19T20:30:29.773153Z,2025-06-01T12:00:00Z,16157271.115345
24213,Next President of Suriname ,2025-05-10T17:30:43.43841Z,2025-07-31T12:00:00Z,3390278.521897
17386,Which coalition will form the next German government?,2025-01-28T23:27:33.612995Z,2025-12-31T12:00:00Z,22837926.860111
189560,Texas House Special Election Runoff Margin of Victory,2026-01-26T22:14:59.976643Z,2026-01-31T00:00:00Z,26257.161468
95323,Honduras Election: Nasralla flips Asfura by Tuesday 12 PM ET?,2025-12-01T23:54:35.741349Z,2025-12-02T00:00:00Z,53866.416215
903198,New Hampshire Republican Primary Winner,2024-01-06T00:44:35.626Z,2024-01-23T00:00:00Z,5166122.83
96544,Portugal Presidential Election: 1st Round 2nd Place,2025-12-03T21:04:52.065711Z,2026-01-18T00:00:00Z,1566636.991203
312120,# of seats won by GERB-SDS in Bulgarian Parliamentary Election?,2026-03-27T16:38:13.131939Z,2026-04-19T00:00:00Z,63204.35156299999
22675,# of seats NDP win in Canadian Election? (Lower Brackets),2025-04-11T22:12:40.658949Z,2025-04-28T12:00:00Z,115979.475984
23246,New York City Mayoral Election,2025-04-22T16:14:22.792059Z,2025-11-04T12:00:00Z,429614415.023426
903667,Who will win Pennsylvania?,2024-03-07T02:47:00Z,2024-11-04T12:00:00Z,33178856.352361
23260,Will the Conservative Party win 7+ seats in Atlantic Canada?,2025-04-22T20:16:23.532245Z,2025-04-28T12:00:00Z,259173.601844
903697,South Korea election: Which party wins the most seats?,2024-03-07T20:24:00Z,2024-04-10T00:00:00Z,58786.817648
10597,# of Labour seats after UK Election? (325-450),2024-05-07T20:11:14.831443Z,2024-12-31T12:00:00Z,194669.844152
32590,Which boroughs will Mamdani win in NYC Mayoral Election?,2025-07-15T19:48:40.363918Z,2025-11-04T00:00:00Z,1521562.980986
101090,Honduras presidential election annulled by February 28?,2025-12-09T19:34:38.192631Z,2026-02-28T00:00:00Z,15440.148771
33825,Miami Mayoral Election,2025-07-24T00:09:44.774604Z,2025-11-04T12:00:00Z,93291.083941
903678,Trump Margin of Victory in Missouri Caucus?,2024-03-02T01:53:00Z,2024-03-02T00:00:00Z,46370.35
246332,Colombia Chamber of Representatives Election: 3rd Place,2026-03-04T20:59:20.688897Z,2026-03-08T00:00:00Z,17360511.413010143
14560,Ghana Presidential Election,2024-11-18T20:21:28.547924Z,2024-12-07T12:00:00Z,348477.520421
54928,Virginia Attorney General Election Winner,2025-10-06T16:25:05.738813Z,2025-11-04T00:00:00Z,2566287.895676
903648,Who will win Georgia?,2024-03-07T23:35:00Z,2024-11-04T12:00:00Z,21093404.03636
15369,Romania Presidential Election 1st round winner?,2024-12-11T00:27:17.772576Z,2025-05-04T12:00:00Z,5473038.493854
37340,Guyana National Assembly Election Winner,2025-08-13T20:20:21.327338Z,2025-09-01T00:00:00Z,209201.608739
21622,Which Party wins most seats in Ontario?,2025-03-25T23:33:41.029022Z,2025-04-28T12:00:00Z,7078674.640585
24890,Polish Presidential Elections: Cities ,2025-05-21T00:10:24.860773Z,2025-06-01T12:00:00Z,25349.774011
287319,Strasbourg Mayoral Election Winner,2026-03-19T23:43:51.84819Z,2026-03-22T00:00:00Z,127923.93117799996
21182,# seats Conservatives win in Canadian Election?,2025-03-17T21:54:56.444362Z,2025-04-28T12:00:00Z,680967.558365
95920,Arkansas Democratic Senate Primary Winner,2025-12-02T20:45:41.151037Z,2026-03-03T00:00:00Z,8539.554803
32944,Japan House of Councillors Election: 2nd Place,2025-07-17T19:30:54.503488Z,2025-07-27T00:00:00Z,123429.120541
246015,Texas Democratic Senate Primary Margin of Victory (Smaller Brackets),2026-03-04T17:50:22.869614Z,2026-11-30T00:00:00Z,7422.490500000001
24888,Polish Presidential Elections: Regions ,2025-05-21T00:12:22.031515Z,2025-06-01T12:00:00Z,292825.336626
5828,[Single Markets] Republican Nominee 2024,2023-02-23T16:36:43.906Z,2024-09-10T00:00:00Z,7614716.103852
11413,Next UK leader of the Conservatives?,2024-07-05T20:45:51.983726Z,2024-12-31T12:00:00Z,8661394.520437
903344,Istanbul Mayoral Election 2024: Which party will win?,2024-02-27T19:17:00Z,2024-03-31T00:00:00Z,55587.81221
62671,NYC Mayoral Election: Staten Island Winner,2025-10-20T23:23:45.01418Z,2025-11-04T00:00:00Z,5430566.727369
25330,Next Prime Minister of Norway,2025-06-04T17:38:35.173199Z,2025-09-08T12:00:00Z,6926720.22858
101174,Will Cornyn flip Paxton for Texas Rep Senate Primary Winner by Jan 31?,2025-12-11T19:34:16.239001Z,2026-01-31T00:00:00Z,17587.10959
17821,Which party wins most seats in Argentina Deputies Election?,2025-02-06T00:06:23.968594Z,2025-12-10T12:00:00Z,11582439.964448
10857,Venezuela Presidential Election Winner,2024-06-01T00:46:17.367002Z,2024-07-28T12:00:00Z,6152241.388126
26004,Next Prime Minister of the Netherlands,2025-07-07T19:25:17.81859Z,2025-12-31T00:00:00Z,21921113.909002
176973,Aragon Regional Election Winner,2026-01-20T16:59:48.144487Z,2026-02-08T00:00:00Z,167074.456836
266366,Hungary Election: TISZA wins___seats?,2026-03-16T18:36:10.980256Z,2026-04-12T00:00:00Z,906712.3011239999
16111,Who will win Dem nomination for NYC Mayor?,2024-12-30T15:49:49.006414Z,2025-06-24T12:00:00Z,57002514.630156
10652,Germany EU Election,2024-05-14T18:34:10.977404Z,2024-06-09T12:00:00Z,105114.478068
903211,Electoral College Margin of Victory?,2024-01-10T01:39:00Z,2024-11-04T12:00:00Z,116208770.60647
311875,Bulgarian Parliamentary Election: 2nd Place,2026-03-27T16:33:45.87925Z,2026-04-19T00:00:00Z,228149.69500800004
18565,Japan House of Councillors Election,2025-06-10T23:24:23.011995Z,2025-07-27T12:00:00Z,744739.269671
903617,Trump's worst state on Super Tuesday?,2024-02-29T23:10:00Z,2024-03-05T00:00:00Z,560210.47
13369,Moldova Presidential Election Winner,2024-10-11T22:34:55.123414Z,2024-11-03T12:00:00Z,1148392.775977
903215,Democratic Nominee 2024,2024-01-13T01:31:00Z,2024-08-21T12:00:00Z,327866173.223234
15611,Canada election called before 2025?,2024-12-17T18:35:28.088054Z,2024-12-31T12:00:00Z,22249.215766
90426,TX-31 Republican Primary Winner,2025-11-25T22:53:31.537645Z,2026-03-03T00:00:00Z,16897.129444
26872,NYC Mayor Dem Primary 3rd Place ,2025-06-12T21:26:31.659244Z,2025-06-24T00:00:00Z,162597.64549
326292,Hungary Election: Popular Vote Margin of Victory (Higher Strikes for Tisza),2026-03-31T20:04:08.583023Z,2026-04-12T00:00:00Z,888210.7913919998
33850,Detroit Mayoral Election,2025-07-23T23:57:50.469647Z,2025-11-04T12:00:00Z,266693.17508
96734,Costa Rica Legislative Assembly Election 2nd Place,2025-12-04T20:45:45.856972Z,2026-02-01T00:00:00Z,140434.871822
291004,Hungary Parliamentary Election: 2nd Place,2026-03-23T18:03:59.875791Z,2026-04-12T00:00:00Z,375775.1600339999
903098,Will U.S. Supreme Court vote to reinstate Trump on Colorado's 2024 ballot?,2023-12-20T00:44:17.699Z,2024-03-05T00:00:00Z,244342.63
16711,Next Prime Minister of Australia?,2025-01-13T20:07:30.320613Z,2025-05-03T12:00:00Z,8620988.639606
337688,Next Premier of Quebec,2026-04-06T22:16:18.708152Z,2026-04-12T06:00:00Z,53034.98878000001
12299,São Paulo mayoral election 2024,2024-08-29T21:41:17.129873Z,2024-10-06T12:00:00Z,41575007.390818
54991,Larger Margin of Victory: Mamdani vs Prop 50?,2025-10-08T19:39:58.765559Z,2025-11-04T00:00:00Z,653107.712549
261876,# of seats won by GS in Slovenian Parliamentary Election?,2026-03-13T15:03:50.576111Z,2026-03-22T00:00:00Z,56408.444684999995
10655,Dominican Republic Presidential Election Winner,2024-05-15T17:39:14.230597Z,2024-05-19T12:00:00Z,36315.096516
106614,Hungary Parliamentary Election Winner,2025-12-16T20:33:38.438896Z,2026-04-12T00:00:00Z,63742491.247493066
79998,Illinois Democratic Senate Primary Winner,2025-11-13T19:16:21.928546Z,2026-03-17T00:00:00Z,193734.5175759999
23949,Suriname Parliamentary Election Winner,2025-05-05T23:38:25.195666Z,2025-05-25T12:00:00Z,2013096.562888
149738,Canada New Democratic Party Leadership Election Winner,2026-01-07T23:08:49.923148Z,2026-03-29T00:00:00Z,133323.88667500002
21310,Will Jagmeet Singh lose his seat?,2025-03-20T19:29:45.598777Z,2025-12-31T12:00:00Z,103893.956065
10382,Washington DC Presidential Election Winner,2024-04-17T15:56:10.149624Z,2024-11-05T12:00:00Z,216298.143035
97464,New York Governor Democratic Primary Winner,2025-12-04T23:28:54.394911Z,2026-06-23T00:00:00Z,7007.905374
246787,Hungary Parliamentary Election:  Popular Vote Winner,2026-03-05T21:18:16.709322Z,2026-04-12T00:00:00Z,1930754.8095339998
117769,Next Prime Minister of Kosovo,2025-12-22T21:30:41.278135Z,2025-12-28T00:00:00Z,199127.21279
261869,# of seats won by SDS in Slovenian Parliamentary Election?,2026-03-13T04:23:46.807213Z,2026-03-22T00:00:00Z,93076.22694400001
205241,Amsterdam Municipal Election Winner,2026-02-12T21:31:18.722739Z,2026-03-18T00:00:00Z,7371.185004
11214,How many seats will the Ensemble coalition win in the French election?,2024-06-24T16:41:12.557492Z,2024-07-07T12:00:00Z,38048.270186
42604,How many seats will the Democrats win in the 2025 Virginia House of Delegates election?,2025-09-08T22:01:22.998125Z,2025-11-04T00:00:00Z,60430.111836
10939,Poland EU Election,2024-06-05T19:56:15.818163Z,2024-06-09T12:00:00Z,16142.723207
228528,Gorton and Denton by-election: 3rd Place,2026-02-24T22:52:49.177636Z,2026-02-26T00:00:00Z,36115.660169
95318,Will Baluta flip Ciucu for Bucharest Mayor by Saturday?,2025-12-01T23:54:36.696037Z,2025-12-05T00:00:00Z,216104.327061
903327,Trump Margin of Victory in South Carolina Primary?,2024-01-25T17:14:00Z,2024-02-24T00:00:00Z,3344528.58
26863, 2nd Place in New York City Mayoral Election,2025-06-12T19:46:27.366835Z,2025-11-04T23:55:00Z,8375540.516585
10384,Indian election: NDA wins 400+ seats?,2024-04-17T23:16:04.038596Z,2024-06-01T12:00:00Z,39201.658397
903514,House control after 2024 election?,2024-02-21T22:15:29.648Z,2024-11-05T00:00:00Z,7967497.858254
16589,Australia Parliamentary Election Winner,2025-01-13T20:33:30.406071Z,2025-05-03T12:00:00Z,4010003.941014
63766,Paris Mayoral Election,2025-10-23T00:14:20.301293Z,2026-03-31T00:00:00Z,6.412563
38544,Will the Patient Focus (PF) win a seat in Norwegian Election?,2025-08-19T19:34:24.485688Z,2025-09-08T00:00:00Z,53657.270835
24600,Malawi Presidential Election,2025-05-19T20:20:29.08837Z,2025-09-16T12:00:00Z,552726.269139
33847,Seattle Mayoral Election,2025-07-23T23:57:50.466382Z,2025-11-04T12:00:00Z,1286084.907445
903636,Who will win Arizona?,2024-03-07T06:44:00Z,2024-11-04T12:00:00Z,13698822.458792
23681,# of seats Liberal–National Coalition wins in Australian Election?,2025-04-30T17:14:26.628413Z,2025-06-30T12:00:00Z,403013.452877
20779,Portugal snap election called before July?,2025-03-11T16:46:25.291776Z,2025-06-30T12:00:00Z,18680.286992
11052,Next French Prime Minister,2024-06-25T18:31:13.494271Z,2024-08-31T12:00:00Z,674977.147064
101223,Illinois Governor Republican Primary Winner,2025-12-09T23:16:48.418872Z,2026-03-17T00:00:00Z,11877.477013000002
232956,Rotterdam Municipal Election Winner,2026-03-03T00:20:47.266181Z,2026-03-18T00:00:00Z,662.866151
200759,TX-08 Republican Primary Winner,2026-02-06T23:23:22.450102Z,2026-03-03T00:00:00Z,34204.699645
903788,Will Biden win Washington Democratic Primary? ,2024-03-11T17:47:37.806Z,2024-03-12T00:00:00Z,13679.6
24214,Ivory Coast Presidential Election,2025-05-10T18:22:38.63347Z,2025-10-25T12:00:00Z,570398.6245
263762,# of seats won by Fidesz-KDNP in Hungary parliamentary election?,2026-03-13T17:53:30.004325Z,2026-04-12T00:00:00Z,738692.3955549998
40050,Next French Prime Minister,2025-08-27T20:14:35.79288Z,2025-12-31T00:00:00Z,275031.911129
23256,Will the Liberal Party win a seat in Saskatchewan?,2025-04-22T20:16:23.467926Z,2025-04-28T12:00:00Z,5301.834131
43176,Nepal snap election called by September 30?,2025-09-12T18:31:08.375488Z,2025-09-30T00:00:00Z,24552.936078
23335,Will Peter Dutton lose his seat?,2025-04-23T21:58:28.06639Z,2025-05-17T12:00:00Z,230936.194481
12706,Which party wins the most seats in British Columbia election?,2024-09-20T14:22:45.612249Z,2024-10-19T12:00:00Z,558112.7855
75600,Chile Presidential Election 1st round: 4th Place,2025-11-07T21:42:41.434514Z,2025-11-16T00:00:00Z,205972.330637
301165,Terrebone By-Election Winner,2026-03-23T22:23:38.094741Z,2026-04-13T00:00:00Z,505052.3948569999
12657,Which party wins the most seats Austrian legislative election?,2024-09-17T23:22:48.030442Z,2024-09-29T12:00:00Z,299892.352019
903287,Republican VP nominee?,2024-01-18T21:13:00Z,2024-09-09T12:00:00Z,92565642.122107
89469,3rd Place in Bucharest Mayoral Election,2025-11-24T21:10:58.341756Z,2025-12-07T00:00:00Z,291022.017462
902470,Slovakia General Election,2023-09-12T22:13:26.375Z,2023-09-30T00:00:00Z,10869.14
179179,# of CRA seats after the 2026 Japanese snap election?,2026-01-23T18:01:22.386755Z,2026-02-08T00:00:00Z,35786.09807
22523,Which party wins South Korea presidential election?,2025-04-09T18:36:26.307023Z,2025-06-03T12:00:00Z,4773168.168651
10942,Nevada Senate Democratic Primary Winner,2024-06-05T22:01:22.84431Z,2024-06-11T12:00:00Z,50050.001804
20203,Which party will win the popular vote in the next Canadian election?,2025-03-03T23:59:00.624035Z,2025-04-28T12:00:00Z,5800890.164323
10621,EU Election: How many seats will the EPP win?,2024-05-13T21:49:20.075904Z,2024-06-09T12:00:00Z,15669.535485
199762,Bangladesh Parliamentary Election: 3nd Place,2026-02-06T00:25:30.038921Z,2026-02-12T00:00:00Z,45088.923459
903383,Will Courtney Najera lose CA-30 primary?,2024-02-01T20:16:42.206Z,2024-03-05T00:00:00Z,500
35723,Chile Presidential Election 1st round winner?,2025-08-04T22:38:38.737828Z,2025-11-16T00:00:00Z,3768412.736024
14372,Ireland General Election,2024-11-12T16:23:09.35821Z,2024-11-29T12:00:00Z,1546348.847476
16840,Liechtenstein Parliamentary Election Winner ,2025-01-17T00:19:03.856547Z,2025-02-09T12:00:00Z,442809.802211
34589,Will any presidential candidate win outright in the first round of the Portugal election?,2025-07-29T17:19:34.292476Z,2026-01-25T16:00:00Z,363931.615986
24304,Will Dan or Simion win the diaspora vote?,2025-05-12T14:44:38.110042Z,2025-05-18T12:00:00Z,6947261.525977
10499,North Macedonia Presidential Election Winner,2024-04-29T17:15:23.203574Z,2024-05-08T12:00:00Z,16135.160743
35722,Will any presidential candidate win outright in the first round of the Chile's election?,2025-08-04T19:29:13.764207Z,2025-11-16T16:00:00Z,83995.305752
16583,Next President of Greece?,2025-01-11T03:02:59.545799Z,2025-02-12T12:00:00Z,804003.394102
903258,Trump Margin of Victory in New Hampshire Primary?,2024-01-16T17:57:55.428Z,2024-01-23T00:00:00Z,2348851.66
11231,Which coalition wins most seats in French Election?,2024-06-24T16:46:12.448474Z,2024-07-07T12:00:00Z,385162.007581
32589,AZ-7 Democratic Primary Winner,2025-07-15T19:24:28.880546Z,2025-07-15T00:00:00Z,60912.325035
281049,Illinois Democratic Senate Primary Margin of Victory,2026-03-17T22:56:30.783846Z,2026-03-17T00:00:00Z,27645.836784000003
102001,Honduras Presidential Election Margin of Victory (Micro Strikes),2025-12-11T19:44:07.044742Z,2025-12-31T00:00:00Z,80884.767988
902090,Trump and Biden both win nomination?,2023-06-23T14:30:42.712Z,2024-11-05T00:00:00Z,4174022.003508
27353,Which NYC boroughs will Andrew Cuomo win in Democratic Primary? ,2025-06-16T18:52:27.956759Z,2025-06-24T00:00:00Z,114640.248607
37075,Will the 2025 Taiwanese referendum pass?,2025-08-11T22:49:36.478169Z,2025-08-23T00:00:00Z,373554.871732
198868,Prime Minister of Bangladesh after Parliamentary Election?,2026-02-06T00:13:21.21257Z,2026-02-12T00:00:00Z,118780.624585
53299,Morocco snap election called by December 31?,2025-10-03T03:47:25.446962Z,2025-12-31T00:00:00Z,9972.452924
228563,Gorton and Denton by-election: Margin of Victory,2026-02-24T22:52:59.823307Z,2026-02-26T00:00:00Z,24066.125533
23737,Albania Parliamentary Election Winner,2025-05-01T21:02:31.830802Z,2025-05-11T12:00:00Z,709751.338944
903426,Trump DC election interference trial date?,2024-02-15T18:08:00Z,2024-10-31T12:00:00Z,2199152.657064
903175,Will Trump appear on Maine primary ballot?,2023-12-29T22:50:28.415Z,2024-03-05T00:00:00Z,121016.43
197791,Texas Democratic Senate Primary: First Round Winner,2026-02-04T18:26:10.864415Z,2026-03-03T00:00:00Z,58324.575451
232778,TX-15 Democratic Primary Winner,2026-03-03T00:37:26.602638Z,2026-03-03T00:00:00Z,2153.623228
23340,Romania Presidential Election 1st round 2nd place?,2025-04-24T15:22:30.502523Z,2025-05-04T12:00:00Z,764358.137363
291049,Hungary Parliamentary Election: Which Parties Enter Parliament?,2026-03-23T15:55:46.034673Z,2026-04-12T00:00:00Z,411676.05621200096
44981,PAS margin of victory?,2025-09-15T17:01:07.727359Z,2025-09-28T00:00:00Z,103940.990423
90408,TX-21 Republican Primary Winner,2025-11-25T22:31:43.138396Z,2026-03-03T00:00:00Z,72400.750462
200752,NC-01 Republican Primary Winner,2026-02-06T23:29:19.639832Z,2026-03-03T00:00:00Z,38754.967678
21623,Which party wins most seats in Quebec?,2025-03-25T23:33:40.616122Z,2025-04-28T12:00:00Z,1590267.319095
12580,Which party wins the most seats in Lithuanian Election?,2024-09-13T23:05:10.485228Z,2024-10-13T12:00:00Z,244134.96276
10598,Belgian Election: Which party wins the most seats?,2024-05-07T21:40:42.918227Z,2024-06-09T12:00:00Z,766089.964656
903364,Nikki Haley wins >50% of the vote in Nevada Republican primary? ,2024-01-30T18:52:35.482Z,2024-02-06T00:00:00Z,122487.3
48078,Democratic sweep?,2025-09-22T19:11:38.859878Z,2025-11-04T00:00:00Z,1047490.596259
67217,Which Party wins 5th most seats in Netherlands election?,2025-10-28T23:58:35.838751Z,2025-10-29T00:00:00Z,115062.691384
25336,Which Cities & Provinces will Lee Jae-myung win?,2025-05-28T00:54:22.091751Z,2025-06-03T12:00:00Z,636495.717489
64787,Netherlands parliamentary election: D66 seats,2025-10-24T20:50:37.758Z,2025-10-29T00:00:00Z,35767.764174
313705,Bulgaria Parliamentary Election: Margin of Victory,2026-03-27T18:10:32.442914Z,2026-04-19T00:00:00Z,150352.00905000008
10019,Pennsylvania Senate Election Winner,2024-04-03T22:04:34.797136Z,2024-11-05T12:00:00Z,5484459.220216
902550,Will NH be the first primary in 2024 Dem. nomination?,2023-09-21T19:58:19.173Z,2024-08-22T12:00:00Z,26770.731676
903288,Pakistan Election: Who will be next Prime Minister?,2024-01-26T23:07:00Z,2024-02-08T00:00:00Z,196171.55
21305,# of seats NDP win in Canadian Election?,2025-03-20T19:41:39.081579Z,2025-04-28T12:00:00Z,1301810.024733
25231,Party of Next Prime Minister of Romania,2025-05-27T15:28:29.601938Z,2025-12-31T12:00:00Z,1652332.369871
69565,Zohran Mamdani Margin of Victory (Smaller Brackets),2025-11-01T00:04:58.719899Z,2025-11-04T00:00:00Z,591653.316792
45469,Netherlands parliamentary election: GroenLinks–PvdA seats,2025-09-16T16:38:05.365603Z,2026-07-31T00:00:00Z,36357.490784
97471,Arkansas Governor Democratic Primary Winner,2025-12-04T23:00:20.925598Z,2026-03-03T00:00:00Z,96850.297768
13456,Curitiba mayoral election 2024,2024-10-16T18:50:59.562598Z,2024-10-27T12:00:00Z,64499.246772
74717,Honduras Presidential Election,2025-11-06T17:55:35.865001Z,2025-11-30T00:00:00Z,23203405.289646
22254,Next president of South Korea?,2025-04-04T22:52:37.259007Z,2025-06-03T12:00:00Z,290745774.792026
10021,Montana Senate Election Winner,2024-04-03T21:54:30.597284Z,2024-11-05T12:00:00Z,4008566.612814
37337,Samoa Legislative Assembly Election Winner,2025-08-14T16:52:43.038023Z,2025-08-29T00:00:00Z,148399.001829
903179,Who will get more votes in Taiwan Election: Hou Yu-ih (侯友宜) or Ko Wen-je (柯文哲)?,2024-01-02T21:28:23.143Z,2024-01-13T00:00:00Z,849344.72
14226,Germany confidence vote in 2024?,2024-11-08T00:23:00.080189Z,2024-12-31T12:00:00Z,386922.382063
45466,Dutch parliamentary election: CDA seats,2025-09-16T16:38:05.540558Z,2026-07-31T00:00:00Z,804425.740934
12219,Will AfD make it into Thuringia or Saxony government?,2024-08-26T21:05:05.098866Z,2024-12-31T12:00:00Z,367169.25902
80868,Saint Vincent and the Grenadines Legislative Election Winner,2025-11-14T22:44:31.442256Z,2026-03-31T00:00:00Z,60104.507934
291025,Hungary Parliamentary Election: 3rd Place,2026-03-23T18:00:46.096924Z,2026-04-12T00:00:00Z,179471.59793600003
177589,Which parties will lose seats in Japanese snap election?,2026-01-23T22:33:07.494164Z,2026-02-08T00:00:00Z,134828.980063
326476,Hungary Election: TISZA wins a constitutional majority?,2026-03-31T21:30:31.489576Z,2026-04-12T00:00:00Z,491721.66888800083
13458,Fortaleza mayoral election 2024,2024-10-16T18:59:02.905473Z,2024-10-27T12:00:00Z,670165.696349
73825,Which pact will hold most seats after Chile Chamber of Deputies election?,2025-11-06T00:49:58.467139Z,2025-11-16T00:00:00Z,169739.871955
73826,Which pact will gain the most seats in the Chile Senate election?,2025-11-06T00:38:29.421102Z,2025-11-16T00:00:00Z,305228.172207
22859,Australia Election: Seat of Bennelong,2025-04-15T22:34:36.824566Z,2025-05-03T12:00:00Z,266506.000287
102987,Kansas Democratic Senate Primary Winner,2025-12-12T16:20:30.464594Z,2026-08-04T00:00:00Z,7030.9097
64572,Will a candidate win outright in Ireland’s first round?,2025-10-24T15:22:38.454331Z,2025-10-24T00:00:00Z,31159.683031
41371,How many seats will the Labour Party (Ap) win in Norwegian Election?,2025-09-03T21:16:33.712169Z,2025-09-08T00:00:00Z,13212.777204
79989,Texas Democratic Senate Primary Winner,2025-11-12T20:30:19.952283Z,2026-03-03T00:00:00Z,6131231.484519
23321,Singapore Parliamentary Election Winner,2025-04-23T18:28:27.187251Z,2026-03-31T12:00:00Z,717384.623301
24212,Bolivia Presidential Election,2025-05-10T17:38:31.041199Z,2025-10-19T12:00:00Z,28370984.579192
25230,Which coalition will form the next Suriname government?,2025-05-27T15:30:29.687561Z,2025-06-30T12:00:00Z,340379.259444
14379,Romania Parliamentary Election ,2024-11-12T17:41:08.188261Z,2024-12-01T12:00:00Z,3284475.53598
74789,California Prop 50 winning margin?,2025-11-06T20:45:46.178167Z,2025-12-31T00:00:00Z,535772.696212
177618,Japan General Election 2nd Place?,2026-01-21T02:37:34.722009Z,2026-02-08T00:00:00Z,165161.201519
23324,How many seats will PAP win in Singapore Election?,2025-04-23T18:30:33.114321Z,2025-05-03T12:00:00Z,190344.244223
81707,Uganda Presidential Election,2025-11-17T18:02:53.575518Z,2026-01-15T00:00:00Z,297748.983151
12648,Who wins most votes in Brandenburg election?,2024-09-17T21:11:06.498055Z,2024-09-21T12:00:00Z,311461.058303
26483,2nd Place in New Jersey Governor Democratic Primary ,2025-06-09T23:04:21.826496Z,2025-06-10T00:00:00Z,133093.889045
86976,TN-07 Special Election Margin of Victory,2025-11-21T22:30:54.244689Z,2025-11-26T00:00:00Z,379957.687973
14561,Ghana Legislative Election,2024-11-18T20:45:29.066451Z,2024-12-07T12:00:00Z,96697.968215
38877,Which Bloc Wins most seats in Norway election?,2025-08-21T14:17:27.756668Z,2025-09-08T00:00:00Z,341079.137428
90364,TX-28 Democratic Primary Winner,2025-11-25T21:36:52.430393Z,2026-03-03T00:00:00Z,15144.335574
101169,Will Mills flip Platner for Maine Dem Senate Primary Winner by January 31?,2025-12-11T19:34:16.236537Z,2026-01-31T00:00:00Z,47144.821791
24305,Will Dan win all the Bucharest sectors?,2025-05-12T14:44:38.134908Z,2025-05-18T12:00:00Z,292222.62023
41681,Calabria Presidential Election,2025-09-04T15:44:33.057571Z,2025-10-06T00:00:00Z,14366.959841
903527,Portugal Legislative Election,2024-03-06T21:36:10.689Z,2024-03-10T00:00:00Z,81643.215055
902796,Indonesia Election: Prabowo Subianto wins?,2023-10-30T22:11:23.343Z,2024-02-14T00:00:00Z,270567.594029
903186,Bangladesh Election: Sheikh Hasina reelected as Prime Minister?,2024-01-03T16:51:11.352Z,2024-01-07T00:00:00Z,3412.55
41369,How many seats will the Progress Party (FrP) win in Norwegian Election?,2025-09-03T21:16:33.714228Z,2025-09-08T00:00:00Z,10814.702235
10765,Jeremy Corbyn elected to parliament in UK election?,2024-05-24T18:04:26.427237Z,2024-07-04T12:00:00Z,37952.520083
54935,Largest Democratic Margin of Victory,2025-10-06T16:25:05.182099Z,2025-11-04T00:00:00Z,83710.931277
90257,3rd place in first round of Texas Republican Senate Primary?,2025-11-25T19:16:51.830051Z,2026-03-03T00:00:00Z,235547.049705
246319,Colombia Chamber of Representatives Election: Second Place,2026-03-04T20:55:57.433337Z,2026-03-08T00:00:00Z,120721.45902799997
21597,Will Mark Carney lose his seat?,2025-03-24T22:43:48.044225Z,2025-04-28T12:00:00Z,3559264.335338
11354,# of Conservative seats after UK Election? (0-125),2024-07-01T21:21:01.996043Z,2024-07-04T12:00:00Z,20050.845089
73614,Which candidates advance to 2025 Chilean presidential runoff?,2025-11-05T22:38:20.769352Z,2025-11-16T00:00:00Z,275092.178827
23931,South Korea Presidential Election 2nd Place?,2025-05-05T20:44:25.123557Z,2025-06-03T12:00:00Z,19213349.480533
14827,Namibia Presidential Election,2024-11-25T21:20:28.143047Z,2024-11-27T12:00:00Z,2007217.566441
10755,# of Conservative seats after UK Election? (125-200),2024-05-24T17:04:30.687068Z,2024-07-04T12:00:00Z,283379.441454
14225,Sri Lanka Parliamentary Election ,2024-11-07T22:55:10.293635Z,2024-11-14T12:00:00Z,83554.275787
243963,Le Havre Mayoral Election Winner,2026-03-04T00:17:33.847685Z,2026-03-22T00:00:00Z,66906.39812099999
24895,Romania: Bucharest Mayoral Election,2025-05-21T00:10:25.353627Z,2025-12-07T12:00:00Z,134249665.397437
45010,Will PAS win a majority of seats in Moldova elections?,2025-09-15T18:19:02.237238Z,2025-09-28T00:00:00Z,176717.997121
107420,Slovenian Parliamentary Election Winner,2025-12-23T21:46:22.64155Z,2026-03-22T00:00:00Z,4689932.719883008
48328,Which party wins Virginia House of Delegates?,2025-09-22T23:28:06.078989Z,2025-11-04T00:00:00Z,21099.596797
38320,Bolivia Presidential Election Margin of Victory,2025-08-18T16:27:32.375549Z,2025-10-19T00:00:00Z,3138759.851423
23745,Italian Referendum,2025-05-02T15:32:34.316038Z,2025-12-31T12:00:00Z,223411.226903
22793,Norway Parliamentary Election Winner,2025-04-14T18:08:41.393862Z,2025-09-08T12:00:00Z,7942169.843996
287511,Faroe Islands Parliamentary Election Winner,2026-03-19T23:38:41.78034Z,2026-03-26T00:00:00Z,403606.7806469996
34587,Portugal Presidential Election,2025-08-29T19:18:28.935224Z,2026-02-08T14:00:00Z,136469386.189704
12713,Which party wins most seats in in Saskatchewan election?,2024-09-20T14:28:50.708883Z,2024-10-28T12:00:00Z,76927.074296
263880,Bulgaria Parliamentary Election Winner,2026-03-13T18:03:36.100204Z,2026-04-19T00:00:00Z,294833.4402940001
18568,Which party gains most seats in Japan Councillors Election?,2025-06-10T23:24:23.014377Z,2025-07-27T12:00:00Z,1883038.723047
36098,Bolivia Presidential Election Margin of Victory: First Round,2025-08-11T17:54:15.709883Z,2025-08-17T00:00:00Z,159071.645041
26497,Will Mikie Sherrill win NJ Governor Dem primary by >15%?,2025-06-09T23:10:26.549716Z,2025-06-10T00:00:00Z,7651.058725
179185,# of JIP seats after the 2026 Japanese snap election?,2026-01-23T18:01:23.897378Z,2026-02-08T00:00:00Z,8874.966005
33859,Cleveland Mayoral Election,2025-07-23T23:57:50.475959Z,2025-11-04T12:00:00Z,15733.775283
24961,Next Prime Minister of Tonga,2025-05-21T20:50:32.187527Z,2025-11-30T12:00:00Z,519650.425035
17888,Conservatives win majority in Ontario election?,2025-02-07T20:33:11.838751Z,2025-02-27T12:00:00Z,39032.533634
112083,IL-08 Democratic Primary Winner,2025-12-19T19:54:26.275226Z,2026-03-17T00:00:00Z,361.28684
233228,Will the Virginia redistricting referendum pass?,2026-02-26T23:05:58.229238Z,2026-04-21T00:00:00Z,2152332.3033369994
903685,Texas Democratic Senate Primary,2024-03-01T21:27:00Z,2024-03-05T00:00:00Z,40933.07
16125,Next Prime Minister of Canada after the election?,2024-12-30T15:21:50.51643Z,2025-04-28T12:00:00Z,120985208.028161
312179,# of seats won by PB in Bulgarian Parliamentary Election?,2026-03-27T16:36:05.263599Z,2026-04-19T00:00:00Z,104579.549398
41641,Elections go right: October,2025-09-04T03:16:39.866788Z,2025-10-31T00:00:00Z,10870.616117
32586,Bolivia Presidential Election 1st round winner?,2025-07-15T20:05:54.474904Z,2025-08-17T00:00:00Z,2354979.24638
11056,Boebert wins Colorado-4 Republican Primary?,2024-06-11T23:36:16.495627Z,2024-06-25T12:00:00Z,53045.973562
10938,France EU Election,2024-06-05T19:46:19.382307Z,2024-06-08T12:00:00Z,9237.220419
21731,Australia election called by Friday?,2025-03-27T20:43:30.491757Z,2025-03-28T12:00:00Z,533.333332
213277,Next President of Peru?,2026-02-18T00:14:05.622524Z,2026-02-18T00:00:00Z,134706.631952
22991,Will any candidate win outright in 1st round of Poland Election?,2025-04-17T23:44:34.079064Z,2025-05-18T12:00:00Z,54749.62645
64789,Netherlands Parliamentary Election: FVD vs SP,2025-10-24T20:50:30.264013Z,2025-10-29T00:00:00Z,9839.446417
182061,How many seats will Partido Popular win in the Aragon election?,2026-01-23T16:05:54.110669Z,2026-02-08T00:00:00Z,32656.576386
10999,Trump convicted of another felony before election?,2024-06-07T20:36:16.787293Z,2024-11-04T12:00:00Z,73860.445713
903599,Trump's best state on Super Tuesday?,2024-02-29T00:30:00Z,2024-03-05T00:00:00Z,438117.94
87137,Who will qualify for the second round of the Portugal Presidential Election?,2025-11-26T15:13:10.41308Z,2026-01-18T00:00:00Z,2232769.5532
177009,Santa Cruz Governor Election Winner (Bolivia),2026-01-20T16:31:15.868645Z,2026-04-19T00:00:00Z,1273306.8739560011
201695,Will Seguro win Portugal's Overseas Vote?,2026-02-07T23:22:26.952409Z,2026-02-08T00:00:00Z,245905.95763
23255,Will the Liberal Party win 5+ seats in Alberta?,2025-04-22T20:14:22.370974Z,2025-04-28T12:00:00Z,176373.403113
11188,How many seats will the Lib Dems win in UK Election?,2024-06-21T16:01:16.424662Z,2024-07-04T12:00:00Z,37453.480747
62364,Netherlands Election: Which major party wins fewest seats?,2025-10-20T21:11:49.455546Z,2025-10-29T00:00:00Z,81370.2471
38906,Which Party wins 4th most seats in Norway election? ,2025-08-21T22:32:11.514643Z,2025-09-09T00:00:00Z,392481.65864
80661,Republika Srpska Presidential Election,2025-11-15T00:12:28.189702Z,2025-11-23T00:00:00Z,4643.486416
38706,How many seats will the Blue Bloc win in Norwegian Election?,2025-08-21T14:17:27.76095Z,2025-09-08T00:00:00Z,164018.57664
17542,Ontario Parliamentary Election Winner ,2025-01-30T22:39:08.107644Z,2025-02-27T12:00:00Z,2814629.557417
42252,Will Sliwa or Adams get more votes?,2025-09-05T21:43:16.907018Z,2025-11-30T00:00:00Z,67351.056184
184360,Will any presidential candidate win outright in the first round of Costa Rica's presidential election?,2026-01-23T22:57:21.526273Z,2026-02-01T00:00:00Z,280492.626736
38905,Which Party wins 2nd most seats in Norway election? ,2025-08-21T22:32:11.513279Z,2025-09-08T00:00:00Z,545885.957397
287424,Next Prime Minister of Faroe Islands,2026-03-19T23:28:35.235108Z,2026-03-26T00:00:00Z,59314.251662
33843,Charlotte Mayoral Election,2025-07-24T00:09:44.76836Z,2025-11-04T12:00:00Z,38413.454247
10741,UK Election: Labour % of the vote?,2024-05-23T15:54:13.783487Z,2024-07-04T12:00:00Z,113168.613067
175522,Will Orbán flip Magyar for Next Hungary PM by Jan 31?,2026-01-20T19:17:50.093372Z,2026-01-31T00:00:00Z,13805.251298
74794,Chile Presidential Election 1st round: 3rd Place,2025-11-06T20:34:36.810915Z,2025-11-16T00:00:00Z,196760.198984
41654,Which Party wins 3rd most seats in Netherlands election?,2025-09-04T03:38:04.175696Z,2026-07-31T00:00:00Z,1506315.446782
